{
    "$schema": "https://schema.management.azure.com/schemas/2015-01-01/deploymentParameters.json#",
    "contentVersion": "1.0.0.0",
    "parameters": {
        "location": {
            "value": "uaenorth"
        },
        "cloudGuardVersion": {
            "value": "R80.10 - Bring Your Own License"
        },
        "adminPassword": {
            "value": null
        },
        "authenticationType": {
            "value": "password"
        },
        "vmName": {
            "value": "checkpointcluster"
        },
        "vmSize": {
            "value": "Standard_D3_v2"
        },
        "sicKey": {
            "value": null
        },
        "virtualNetworkName": {
            "value": "vnet01"
        },
        "virtualNetworkAddressPrefix": {
            "value": "10.0.0.0/16"
        },
        "Subnet1Name": {
            "value": "Frontend"
        },
        "Subnet1Prefix": {
            "value": "10.0.0.0/24"
        },
        "Subnet1StartAddress": {
            "value": "10.0.0.4"
        },
        "Subnet2Name": {
            "value": "Backend"
        },
        "Subnet2Prefix": {
            "value": "10.0.1.0/24"
        },
        "Subnet2StartAddress": {
            "value": "10.0.1.4"
        },
        "vnetNewOrExisting": {
            "value": "new"
        },
        "virtualNetworkExistingRGName": {
            "value": "cptesting"
        },
        "allowDownloadFromUploadToCheckPoint": {
            "value": "true"
        },
        "additionalDiskSizeGB": {
            "value": 0
        },
        "diskType": {
            "value": "Standard_LRS"
        },
        "sourceImageVhdUri": {
            "value": "noCustomUri"
        }
    }
}